Participant ID,Name of CCASS Participant(* for Consenting Investor Participants ),Address,Shareholding,% of the total numberof Issued Shares/Warrants/Units


C00019,THE HONGKONG AND SHANGHAI BANKING,HSBC WEALTH BUSINESS SERVICES 8/F TOWER 2 & 3 HSBC CENTRE 1 SHAM MONG ROAD KOWLOON,"822,535,765",21.32%
C00039,STANDARD CHARTERED BANK (HONG KONG) LTD,SECURITIES SERVICES 15/F STANDARD CHARTERED TOWER 388 KWUN TONG ROAD KWUN TONG KOWLOON,"584,154,588",15.14%
C00100,"JPMORGAN CHASE BANK, NATIONAL",48/F ONE ISLAND EAST 18 WESTLANDS ROAD QUARRY BAY HONG KONG,"386,448,595",10.01%
C00010,CITIBANK N.A.,9/F CITI TOWER ONE BAY EAST 83 HOI BUN ROAD KWUN TONG KOWLOON,"266,501,869",6.90%
C00018,HANG SENG BANK LTD,16/F HANG SENG 113 113 ARGYLE STREET MONGKOK KOWLOON,"64,824,057",1.68%
C00074,DEUTSCHE BANK AG,51/F-66/F INTERNATIONAL COMMERCE CENTRE 1 AUSTIN ROAD WEST KOWLOON,"49,495,626",1.28%
B01161,UBS SECURITIES HONG KONG LTD,42/F ONE EXCHANGE SQUARE 8 CONNAUGHT PLACE CENTRAL HONG KONG,"46,432,427",1.20%
C00033,BANK OF CHINA (HONG KONG) LTD,11/F BANK OF CHINA CENTRE OLYMPIAN CITY 11 HOI FAI ROAD WEST KOWLOON,"42,755,806",1.10%
C00093,BNP PARIBAS SECURITIES SERVICES,21/F PCCW TOWER TAIKOO PLACE 979 KING'S ROAD QUARRY BAY HONG KONG,"21,434,308",0.55%
B01451,GOLDMAN SACHS (ASIA) SECURITIES LTD,68TH FLOOR CHEUNG KONG CENTER 2 QUEEN'S ROAD CENTRAL HONG KONG,"19,079,137",0.49%
B01284,HANG SENG SECURITIES LTD,16/F HANG SENG 113 113 ARGYLE STREET MONGKOK KOWLOON,"17,948,175",0.46%
A00003,CHINA SECURITIES DEPOSITORY AND CLEARING,17 TAIPING QIAO STREET XICHENG DISTRICT BEIJING CHINA,"16,319,298",0.42%
C00003,THE BANK OF EAST ASIA LTD,35/F BEA TOWER MILLENNIUM CITY 5 418 KWUN TONG ROAD KWUN TONG KOWLOON,"13,559,876",0.35%
C00042,WING LUNG BANK LTD,RM 1207-1209 12/F WING LUNG BANK CENTRE 636 NATHAN ROAD KOWLOON,"11,188,926",0.29%
B01224,MERRILL LYNCH FAR EAST LTD,C/O BANK OF AMERICA MERRILL LYNCH 38/F CHEUNG KONG CENTER 2 QUEEN'S ROAD CENTRAL CENTRAL HONG KONG,"10,164,757",0.26%
C00041,OCBC WING HANG BANK LTD,UNIT 1702 17/F EASTERN CENTRAL PLAZA 3 YIU HING ROAD SHAU KEI WAN HONG KONG,"9,315,009",0.24%
B01130,BOCI SECURITIES LTD,22/F GRAND MILLENNIUM PLAZA 181 QUEEN'S ROAD CENTRAL HONG KONG,"9,141,845",0.23%
C00037,SHANGHAI COMMERCIAL BANK LTD,C/O SECURITIES PROCESSING CENTRE LEVEL 23 TOWER 2 KOWLOON COMMERCE CENTRE 51 KWAI CHEONG ROAD KWAI CHUNG NEW TERRITORIES,"9,096,002",0.23%
B01089,HSBC BROKING SECURITIES (HONG KONG) LTD,LEVEL 25 HSBC MAIN BUILDING 1 QUEEN'S ROAD CENTRAL HONG KONG,"7,793,529",0.20%
B01323,DEUTSCHE SECURITIES ASIA LTD,52/F INTERNATIONAL COMMERCE CENTRE 1 AUSTIN ROAD WEST KOWLOON,"7,601,536",0.19%
C00015,DBS BANK (HONG KONG) LTD,11/F MILLENNIUM CITY 6 392 KWUN TONG ROAD KWUN TONG KOWLOON,"6,515,633",0.16%
B01491,CREDIT SUISSE SECURITIES (HONG KONG) LTD,LEVEL 88 INTERNATIONAL COMMERCE CENTRE 1 AUSTIN ROAD WEST KOWLOON,"6,307,470",0.16%
C00002,BANK OF COMMUNICATIONS TRUSTEE LTD,15/F BANK OF COMMUNICATIONS TOWER 231-235 GLOUCESTER ROAD WANCHAI HONG KONG,"6,190,997",0.16%
B01762,DBS VICKERS (HONG KONG) LTD,18/F MAN YEE BUILDING 68 DES VOEUX ROAD CENTRAL HONG KONG,"6,116,381",0.15%
B01353,UOB KAY HIAN (HONG KONG) LTD,RM 1501 AON CHINA BUILDING 29 QUEEN'S ROAD CENTRAL HONG KONG,"5,172,396",0.13%
B01118,EAST ASIA SECURITIES CO LTD,C/O BEA SETTLEMENT OPERATIONS DEPT-IOS 35/F BEA TOWER MILLENNIUM CITY 5 418 KWUN TONG ROAD KOWLOON,"5,125,154",0.13%
B01727,ICBC (ASIA) SECURITIES LTD,LEVEL 16 TOWER 1 MILLENNIUM CITY 1 388 KWUN TONG ROAD KWUN TONG KOWLOON,"4,757,070",0.12%
B01133,RBC INVESTMENT SERVICES (ASIA) LTD,RM 1701 CHEUNG KONG CENTER 2 QUEEN'S ROAD CENTRAL HONG KONG,"4,741,888",0.12%
C00028,NANYANG COMMERCIAL BANK LTD,11/F BANK OF CHINA CENTRE OLYMPIAN CITY 11 HOI FAI ROAD WEST KOWLOON,"3,978,306",0.10%
C00036,CHINA CONSTRUCTION BANK (ASIA),20/F CCB CENTRE 18 WANG CHIU ROAD KOWLOON BAY KOWLOON,"3,844,502",0.09%
B01086,SUN HUNG KAI INVESTMENT SERVICES LTD,42/F LEE GARDEN ONE 33 HYSAN AVENUE CAUSEWAY BAY HONG KONG,"3,555,914",0.09%
C00058,CHINA CITIC BANK INTERNATIONAL LTD,18/F DEVON HOUSE TAIKOO PLACE 979 KING'S ROAD QUARRY BAY HONG KONG,"3,375,976",0.08%
B01274,MORGAN STANLEY HONG KONG SECURITIES LTD,46/F INTERNATIONAL COMMERCE CENTRE 1 AUSTIN ROAD WEST KOWLOON,"3,282,333",0.08%
B01695,DAH SING SECURITIES LTD,RM 2403 24/F EVERBRIGHT CENTRE 108 GLOUCESTER ROAD WANCHAI HONG KONG,"2,903,469",0.07%
B01668,BRIGHT SMART SECURITIES INTERNATIONAL,10/F WING ON HOUSE 71 DES VOEUX ROAD CENTRAL CENTRAL HONG KONG,"2,496,477",0.06%
B01183,CHONG HING SECURITIES LTD,2/F CHONG HING BANK CENTRE 24 DES VOEUX ROAD CENTRAL HONG KONG,"2,472,703",0.06%
C00048,CHIYU BANKING CORPORATION LTD,11/F BANK OF CHINA CENTRE OLYMPIAN CITY 11 HOI FAI ROAD WEST KOWLOON,"2,147,202",0.05%
B01590,INTERACTIVE BROKERS HONG KONG LTD,SUITE 1512 TWO PACIFIC PLACE 88 QUEENSWAY HONG KONG,"2,037,290",0.05%
B01345,PHILLIP SECURITIES (HONG KONG) LTD,11/F UNITED CENTRE 95 QUEENSWAY HONG KONG,"1,851,652",0.04%
B01121,SG SECURITIES (HK) LTD,38/F 3 PACIFIC PLACE 1 QUEEN'S ROAD EAST HONG KONG,"1,847,438",0.04%
C00016,DBS BANK LTD,11/F MILLENNIUM CITY 6 392 KWUN TONG ROAD KWUN TONG KOWLOON,"1,715,418",0.04%
B01129,WOCOM SECURITIES LTD,RM 1002 WING ON CENTRE 111 CONNAUGHT ROAD CENTRAL HONG KONG,"1,652,560",0.04%
B01610,KGI ASIA LTD,41/F CENTRAL PLAZA 18 HARBOUR ROAD WANCHAI HONG KONG,"1,585,379",0.04%
C00040,INDUSTRIAL AND COMMERCIAL BANK OF CHINA,LEVEL 16 TOWER 1 MILLENNIUM CITY 1 388 KWUN TONG ROAD KWUN TONG KOWLOON,"1,372,634",0.03%
B01511,TAT LEE SECURITIES CO LTD,RM 1801-1806 PRESIDENT COMMERCIAL CENTRE 608 NATHAN ROAD MONGKOK KOWLOON,"1,303,920",0.03%
B01143,HAITONG INTERNATIONAL SECURITIES CO LTD,22/F LI PO CHUN CHAMBERS 189 DES VOEUX ROAD CENTRAL HONG KONG,"1,240,933",0.03%
B01272,FB SECURITIES (HONG KONG) LTD,19/F GREENWICH CENTRE 260 KING'S ROAD NORTH POINT HONG KONG,"1,147,464",0.02%
B01842,BOCOM INTERNATIONAL SECURITIES LTD,11/F MAN YEE BUILDING 68 DES VOEUX ROAD CENTRAL HONG KONG,"1,128,598",0.02%
B01584,CHIEF SECURITIES LTD,11/F FWD FINANCIAL CENTRE 308 DES VOEUX ROAD CENTRAL HONG KONG,"1,053,803",0.02%
A00004,CHINA SECURITIES DEPOSITORY AND CLEARING,17 TAIPING QIAO STREET XICHENG DISTRICT BEIJING CHINA,"1,050,000",0.02%
B01497,SINOPAC SECURITIES (ASIA) LTD,21/F ONE PEKING 1 PEKING ROAD TSIMSHATSUI KOWLOON,"998,684",0.02%
B01623,TAI FUNG KUENTAI SECURITIES CO LTD,RM 3310 33/F BANK OF AMERICA TOWER 12 HARCOURT ROAD CENTRAL HONG KONG,"998,100",0.02%
C00095,EFG BANK AG,18/F INTERNATIONAL COMMERCE CENTRE 1 AUSTIN ROAD WEST KOWLOON,"947,098",0.02%
B01800,SUN CAPITAL SECURITIES LTD,16/F HARBOUR COMMERCIAL BUILDING 122-124 CONNAUGHT ROAD CENTRAL HONG KONG,"932,668",0.02%
B01582,THING ON SECURITIES LTD,17/F BANK OF EAST ASIA HARBOUR VIEW CENTRE 56 GLOUCESTER ROAD WANCHAI HONG KONG,"922,500",0.02%
B01376,PUBLIC SECURITIES LTD,RM 1101-1103 WING ON HOUSE 71 DES VOEUX ROAD CENTRAL HONG KONG,"788,968",0.02%
B01555,ABN AMRO CLEARING HONG KONG LTD,LEVEL 70 INTERNATIONAL COMMERCE CENTRE 1 AUSTIN ROAD WEST KOWLOON,"643,754",0.01%
B01338,EMPEROR SECURITIES LTD,23/F-24/F EMPEROR GROUP CENTRE 288 HENNESSY ROAD WANCHAI HONG KONG,"630,461",0.01%
C00012,DAH SING BANK LTD,RM 2403 24/F EVERBRIGHT CENTRE 108 GLOUCESTER ROAD WANCHAI HONG KONG,"626,141",0.01%
B01228,CITIC SECURITIES BROKERAGE (HK) LTD,26/F CITIC TOWER 1 TIM MEI AVENUE CENTRAL HONG KONG,"617,048",0.01%
B01265,OCBC WING HANG SHARES BROKERAGE CO. LTD,1/F CHUN WO COMMERCIAL CENTRE 23-29 WING WO STREET CENTRAL HONG KONG,"601,843",0.01%
B01264,KIM ENG SECURITIES (HONG KONG) LTD,28/F LEE GARDEN THREE 1 SUNNING ROAD CAUSEWAY BAY HONG KONG,"597,934",0.01%
B01282,CHELSEA SECURITIES LTD,"RM 702, 704-705 YU YUET LAI BUILDING 43-55 WYNDHAM STREET CENTRAL HONG KONG","588,628",0.01%
B01209,MASON SECURITIES LTD,PORTION 1 12/F THE CENTER 99 QUEEN'S ROAD CENTRAL HONG KONG,"585,065",0.01%
B01169,PUBLIC FINANCIAL SECURITIES LTD,10/F PUBLIC BANK CENTRE 120 DES VOEUX ROAD CENTRAL HONG KONG,"575,060",0.01%
B01148,CHINA MERCHANTS SECURITIES (HK) CO LTD,48/F ONE EXCHANGE SQUARE 8 CONNAUGHT ROAD CENTRAL HONG KONG,"518,060",0.01%
B01362,JOSPA INVESTMENT CO LTD,303-5 YUE SHING COMMERCIAL BLDG 15-16 QUEEN VICTORIA STREET CENTRAL HONG KONG,"507,420",0.01%
B01347,CGS-CIMB SECURITIES (HONG KONG) LTD,25/F GLOUCESTER TOWER THE LANDMARK 15 QUEEN'S ROAD CENTRAL HONG KONG,"481,279",0.01%
B01494,AUDREY CHOW SECURITIES LTD,6/F GRAND BUILDING 15-18 CONNAUGHT ROAD CENTRAL HONG KONG,"468,309",0.01%
B01137,CHOW SANG SANG SECURITIES LTD,RM 1704-1710 KORNHILL PLAZA-OFFICE TOWER 1 KORNHILL ROAD QUARRY BAY HONG KONG,"454,996",0.01%
B01289,SOUTH CHINA SECURITIES LTD,28/F BANK OF CHINA TOWER 1 GARDEN RD CENTRAL HONG KONG,"441,140",0.01%
B01119,CELESTIAL SECURITIES LTD,9/F LOW BLOCK GRAND MILLENNIUM PLAZA 181 QUEEN'S ROAD CENTRAL HONG KONG,"419,603",0.01%
B01246,ROCTEC SECURITIES CO LTD,RM 2406 24/F GRAND MILLENNIUM PLAZA 181 QUEEN'S ROAD CENTRAL HONG KONG,"415,757",0.01%
B01858,YUANTA SECURITIES (HONG KONG) CO LTD,23/F TOWER 1 ADMIRALTY CENTRE 18 HARCOURT ROAD ADMIRALTY HONG KONG,"414,359",0.01%
B01673,FULBRIGHT SECURITIES LTD,33/F COSCO TOWER GRAND MILLENNIUM PLAZA 183 QUEEN'S ROAD CENTRAL HONG KONG,"402,461",0.01%
B01115,SHENWAN HONGYUAN SECURITIES (H.K.) LTD,LEVEL 19 28 HENNESSY ROAD HONG KONG,"395,315",0.01%
B01818,I-ACCESS INVESTORS LTD,SUITES 3208-3211 32/F TOWER TWO TIMES SQUARE 1 MATHESON STREET CAUSEWAY BAY HONG KONG,"387,261",0.01%
B01423,PRUDENTIAL BROKERAGE LTD,RM 901-904 WORLD WIDE HOUSE 19 DES VOEUX ROAD CENTRAL HONG KONG,"385,870",0.01%
B01413,CORE PACIFIC - YAMAICHI INTERNATIONAL,11/F CHINA RESOURCES BUILDING 26 HARBOUR ROAD WANCHAI HONG KONG,"379,892",0.00%
B01355,CHINA EVERBRIGHT SECURITIES (HK) LTD,24/F LEE GARDEN ONE 33 HYSAN AVENUE CAUSEWAY BAY HONG KONG,"373,992",0.00%
B01813,CCB INTERNATIONAL SECURITIES LTD,12/F CCB TOWER 3 CONNAUGHT ROAD CENTRAL CENTRAL HONG KONG,"367,372",0.00%
B01175,F. R. ZIMMERN LTD,RM 1330 PRINCE'S BUILDING 10 CHATER ROAD CENTRAL HONG KONG,"343,955",0.00%
C00102,MACQUARIE BANK LTD,LEVEL 18 ONE INTERNATIONAL FINANCE CENTRE 1 HARBOUR VIEW STREET CENTRAL HONG KONG,"338,897",0.00%
B01275,SANFULL SECURITIES LTD,RM 2001-2006 COSCO TOWER 183 QUEEN'S ROAD CENTRAL HONG KONG,"322,127",0.00%
C00026,CHONG HING BANK LTD,11/F CHONG HING BANK CENTRE 24 DES VOEUX ROAD CENTRAL HONG KONG,"318,324",0.00%
B01939,CHINA INVESTMENT SECURITIES,RM 7701A & 7705B-7708 LEVEL 77 INTERNATIONAL COMMERCE CENTRE 1 AUSTIN ROAD WEST KOWLOON,"291,409",0.00%
B01123,HING WONG SECURITIES LTD,19/F UNIT A&B UNITED CENTRE 95 QUEENSWAY HONG KONG,"290,155",0.00%
B01483,BULLISH SECURITIES LTD,RM B 7/F HILLIER COMMERCIAL BUILDING 89 WING LOK ST EAST CENTRAL HONG KONG,"289,720",0.00%
B01826,GF SECURITIES (HONG KONG) BROKERAGE LTD,29/F-30/F LI PO CHUN CHAMBERS 189 DES VOEUX ROAD CENTRAL HONG KONG,"285,980",0.00%
B01801,KIN FUNG STOCK CO LTD,RM 2105 21/F MELBOURNE PLAZA 33 QUEEN'S ROAD CENTRAL CENTRAL HONG KONG,"283,840",0.00%
B01298,GET NICE SECURITIES LTD,10/F COSCO TOWER GRAND MILLENNIUM PLAZA 183 QUEEN'S ROAD CENTRAL HONG KONG,"282,720",0.00%
B01392,TAIFAIR SECURITIES LTD,RM 701 DINA HOUSE RUTTONJEE CENTRE 11 DUDDELL STREET CENTRAL HONG KONG,"281,064",0.00%
B01905,ESSENCE INTERNATIONAL SECURITIES,39/F ONE EXCHANGE SQUARE CENTRAL HONG KONG,"267,976",0.00%
B01138,CLSA LTD,18/F ONE PACIFIC PLACE 88 QUEENSWAY HONG KONG,"267,569",0.00%
B01416,VC BROKERAGE LTD,28/F THE CENTRIUM 60 WYNDHAM STREET CENTRAL HONG KONG,"260,213",0.00%
B01425,WELLFULL SECURITIES CO LTD,RM 406 4/F HOUSTON CENTRE 63 MODY ROAD TSIMSHATSUI EAST KOWLOON,"252,119",0.00%
B01290,SPS SECURITIES LTD,1/F-2/F PINNACLE BUILDING 9 SHIP STREET WANCHAI HONG KONG,"249,551",0.00%
B01356,DELTA ASIA SECURITIES LTD,5/F LUK KWOK CENTRE 72 GLOUCESTER ROAD WANCHAI HONG KONG,"247,619",0.00%
B01217,TAIPING SECURITIES (HK) CO LTD,RM 2901 CHINA INSURANCE GROUP BUILDING 141 DES VOEUX ROAD CENTRAL HONG KONG,"243,508",0.00%
B01686,FIRST SHANGHAI SECURITIES LTD,19/F WING ON HOUSE 71 DES VOEUX ROAD CENTRAL HONG KONG,"241,276",0.00%
B01184,OCEANWIDE SECURITIES CO LTD,18/F-19/F CHINA BUILDING 29 QUEEN'S ROAD CENTRAL HONG KONG,"241,136",0.00%
B01373,CHRISTFUND SECURITIES LTD,SUITE 2701 27/F PROSPERITY TOWER 39 QUEEN'S ROAD CENTRAL HONG KONG,"240,487",0.00%
B01267,WINFULL SECURITIES LTD,RM 1402 FORTIS BANK TOWER 77-79 GLOUCESTER ROAD WANCHAI HONG KONG,"240,407",0.00%
B01450,DL BROKERAGE LTD,1/F WING'S BLDG 110-116 QUEEN'S ROAD CENTRAL HONG KONG,"239,805",0.00%
B01564,ABCI SECURITIES CO LTD,13/F FAIRMONT HOUSE 8 COTTON TREE DRIVE CENTRAL HONG KONG,"230,630",0.00%
B01849,CIS SECURITIES ASSET MANAGEMENT LTD,21/F TESBURY CENTRE NO. 24-32 QUEEN'S ROAD EAST WANCHAI HONG KONG,"225,116",0.00%
B01938,CHINA INDUSTRIAL SECURITIES,32/F INFINITUS PLAZA 199 DES VOEUX ROAD CENTRAL SHEUNG WAN HONG KONG,"223,789",0.00%
C00088,CHINA MERCHANTS BANK CO LTD,21/F BANK OF AMERICA TOWER 12 HARCOURT ROAD HONG KONG,"223,472",0.00%
B01565,GUOTAI JUNAN SECURITIES (HONG KONG) LTD,27/F GRAND MILLENNIUM PLAZA 181 QUEEN'S ROAD CENTRAL HONG KONG,"217,616",0.00%
B01740,BOOM.COM LTD,RM 2501 25/F AIA TOWER 183 ELECTRIC ROAD NORTH POINT HONG KONG,"212,393",0.00%
B01253,STOCKWELL SECURITIES LTD,UNITS 406-410 4/F TOWER 2 SILVERCORD 30 CANTON ROAD TSIM SHA TSUI KOWLOON,"205,020",0.00%
B01252,CORPORATE BROKERS LTD,18/F FORTIS TOWER 77-79 GLOUCESTER ROAD WANCHAI HONG KONG,"199,861",0.00%
B01929,CHINA GALAXY INTERNATIONAL SECURITIES,20/F WING ON CENTRE 111 CONNAUGHT ROAD CENTRAL HONG KONG,"198,520",0.00%
B01576,SIU ON SECURITIES LTD,32/F SIU ON CENTRE 188 LOCKHART ROAD WANCHAI HONG KONG,"183,667",0.00%
B01280,WING FAT SECURITIES LTD,RM 603A 6/F ADMIRALTY CENTRE TOWER 1 18 HARCOURT ROAD ADMIRALTY HONG KONG,"179,333",0.00%
B01173,RIFA SECURITIES LTD,LEVEL 7 28 HENNESSY ROAD WANCHAI HONG KONG,"172,425",0.00%
B01955,FUTU SECURITIES INTERNATIONAL,11/F BANGKOK BANK BUILDING 14-20 BONHAM STRAND WEST SHEUNG WAN HONG KONG,"165,781",0.00%
B01552,CARRIER STOCK INVESTMENT CO LTD,FLAT 1A 1/F MAN HING COMMERCIAL BUILDING 79-83 QUEEN'S ROAD CENTRAL CENTRAL HONG KONG,"164,853",0.00%
B01556,LUK FOOK SECURITIES (HK) LTD,UNITS 2201-2207 & 2213-2214 22/F COSCO TOWER 183 QUEEN'S ROAD CENTRAL HONG KONG,"164,670",0.00%
B01231,HONG KONG INTERNATIONAL SECURITIES LTD,23/F ARION COMMERCIAL CENTRE 2-12 QUEEN'S ROAD WEST HONG KONG,"157,944",0.00%
B01240,TSUN CHI YUEN SECURITIES CO LTD,20/F MAN ON COMM BLDG 12 JUBILEE ST CENTRAL HONG KONG,"156,483",0.00%
B01649,CINDA INTERNATIONAL SECURITIES LTD,45TH FLOOR COSCO TOWER 183 QUEEN'S ROAD CENTRAL HONG KONG,"154,604",0.00%
B01651,MING HON SECURITIES LTD,RM 602 10 POTTINGER STREET CENTRAL HONG KONG,"154,526",0.00%
B01212,HENYEP SECURITIES LTD,10/F NINE QUEEN'S ROAD CENTRAL HONG KONG,"153,291",0.00%
B01581,KINGSWAY FINANCIAL SERVICES GROUP LTD,7/F TOWER 1 LIPPO CENTRE 89 QUEENSWAY HONG KONG,"151,662",0.00%
B01567,PRIME SECURITIES LTD,ROOM 1601-1602 16/F KAI TAK COMMERCIAL BUILDING 317-319 DES VOEUX ROAD CENTRAL HONG KONG,"149,126",0.00%
B01633,ENLIGHTEN SECURITIES LTD,6/F & 24/F GOLDEN CENTRE 188 DES VOEUX ROAD CENTRAL SHEUNG WAN HONG KONG,"146,944",0.00%
B01685,GRAND INVESTMENT (SECURITIES) LTD,UNIT A3 32/F UNITED CENTRE 95 QUEENSWAY HONG KONG,"142,110",0.00%
B01247,KWAI HUNG SECURITIES CO LTD,19/F ADMIRALTY CENTRE TOWER II 18 HARCOURT ROAD HONG KONG,"141,640",0.00%
C00070,OVERSEA-CHINESE BANKING CORPORATION LTD,9/F NINE QUEEN'S ROAD CENTRAL HONG KONG,"140,271",0.00%
B01543,KWONG FAT HONG (SECURITIES) LTD,23/F & 24/F KWONG FAT HONG BUILDING 1 RUMSEY STREET CENTRAL HONG KONG,"139,742",0.00%
B01588,LEI SHING HONG SECURITIES LTD,8/F NEW WORLD TOWER I 18 QUEEN'S ROAD CENTRAL HONG KONG,"138,670",0.00%
B01540,UPBEST SECURITIES CO LTD,2/F WAH KIT COMMERCIAL CENTRE 302 DES VOEUX ROAD CENTRAL HONG KONG,"136,968",0.00%
B01320,LUEN FAT SECURITIES CO LTD,UNITS 603-605 6/F FWD FINANCIAL CENTRE 308 DES VOEUX ROAD CENTRAL SHEUNG WAN HONG KONG,"135,586",0.00%
B01259,FAIR EAGLE SECURITIES CO LTD,RM 201 2/F CHINA EVERGRANDE CENTRE 38 GLOUCESTER ROAD WANCHAI HONG KONG,"130,356",0.00%
B01324,LIPPO SECURITIES LTD,RM 1802 TOWER ONE LIPPO CENTRE 89 QUEENSWAY CENTRAL HONG KONG,"129,160",0.00%
B01607,RHB SECURITIES HONG KONG LTD,12/F WORLDWIDE HOUSE 19 DES VOEUX ROAD CENTRAL HONG KONG,"126,683",0.00%
B01230,PACIFIC FOUNDATION SECURITIES LTD,11/F NEW WORLD TOWER II 16-18 QUEEN'S ROAD CENTRAL  HONG KONG,"124,117",0.00%
B01292,ALPHA SECURITIES CO LTD,RM 3702A 37/F FAR EAST FINANCE CENTRE 16 HARCOURT ROAD ADMIRALTY HONG KONG,"120,808",0.00%
B01868,JIMEI SECURITIES LTD,RM 1305-1306 13/F JUBILEE CENTRE 18 FENWICK STREET / 46 GLOUCESTER ROAD WANCHAI HONG KONG,"120,500",0.00%
B01782,SEAGA INTERNATIONAL LTD,RM 801 DINA HOUSE RUTTONJEE CENTRE 11 DUDDELL STREET CENTRAL HONG KONG,"118,544",0.00%
B01296,MONTGOMERY SECURITIES LTD,RM 1203-1204 12/F TAI SANG BANK BLDG 130-132 DES VOEUX ROAD CENTRAL HONG KONG,"118,195",0.00%
B01340,LEHIN SECURITIES LTD,UNIT 1007 10/F CHINA INSURANCE GROUP BUILDING 141 DES VOEUX ROAD CENTRAL CENTRAL HONG KONG,"118,090",0.00%
B01445,VICTORY SECURITIES CO LTD,RM 1101-3 11/F YARDLEY COMMERCIAL BLDG 3 CONNAUGHT ROAD WEST SHEUNG WAN HONG KONG,"116,676",0.00%
B01788,SUNRISE SECURITIES LTD,RM 701-702 YUE SHING COMMERCIAL BUILDING 15 QUEEN VICTORIA STREET CENTRAL HONG KONG,"115,693",0.00%
B01752,HOI SANG SECURITIES LTD,RM 704 HARVEST BLDG 29-35 WING KUT STREET CENTRAL HONG KONG,"112,660",0.00%
B01198,PO KAY SECURITIES & SHARES CO LTD,14/F GRAND BUILDING 15-18 CONNAUGHT ROAD CENTRAL HONG KONG,"109,611",0.00%
B01706,MAN HON YEUNG SECURITIES LTD,FLAT B 7/F SHUN ON COMMERCIAL BUILDING 112-114 DES VOEUX ROAD CENTRAL HONG KONG,"109,364",0.00%
B01350,S. W. WOO & CO LTD,RM 1803 YUE SHING COMM BLDG 15 QUEEN VICTORIA ST CENTRAL HONG KONG,"108,160",0.00%
B01661,HERMES SECURITIES LTD,UNIT 2810 28/F CHINA MERCHANTS TOWER SHUN TAK CENTRE 168-200 CONNAUGHT ROAD CENTRAL HONG KONG,"107,803",0.00%
B01789,HO FUNG SHARES INVESTMENT LTD,FLAT 05-06 1/F WAH PO BUILDING 334-346 SHAU KEI WAN ROAD SHAU KEI WAN HONG KONG,"107,395",0.00%
B01563,HUARONG INTERNATIONAL SECURITIES LTD,29/F ONE PACIFIC PLACE 88 QUEENSWAY HONG KONG,"107,393",0.00%
B01469,KAISER SECURITIES LTD,3101-05 31/F WEST TOWER SHUN TAK CENTRE 168-200 CONNAUGHT ROAD CENTRAL SHEUNG WAN HONG KONG,"106,420",0.00%
B01470,HUNG SING SECURITIES LTD,SUITE 2505 25/F WEST TOWER SHUN TAK CENTRE 200 CONNAUGHT ROAD CENTRAL SHEUNG WAN HONG KONG,"105,992",0.00%
B01787,SOO PUI CHEN SECURITIES LTD,RM 802 CHEONG K BUILDING 86 DES VOEUX ROAD CENTRAL HONG KONG,"105,185",0.00%
B01664,ROOFER SECURITIES LTD,7/F PEARL ORIENTAL HOUSE 60 STANLEY STREET CENTRAL HONG KONG,"104,968",0.00%
B01271,HANG TAI SECURITIES LTD,RM 506-508 5/F TWO EXCHANGE SQUARE 8 CONNAUGHT PLACE CENTRAL HONG KONG,"104,169",0.00%
B01708,ROSA SECURITIES LTD,ROOM 701 9 QUEEN'S ROAD CENTRAL HONG KONG,"103,654",0.00%
B01238,TAI YIP STOCK CO LTD,RM 304-307 CHINA INSURANCE GROUP BLDG 141 DES VOEUX ROAD CENTRAL HONG KONG,"103,031",0.00%
B01158,SOLID KING SECURITIES LTD,UNITS 1205-6 12/F WEST TOWER SHUN TAK CENTRE 200 CONNAUGHT ROAD CENTRAL HONG KONG,"101,705",0.00%
B01351,WING FUNG SECURITIES LTD,20/F WING ON HOUSE 71 DES VOEUX ROAD CENTRAL CENTRAL HONG KONG,"100,552",0.00%
B01439,TAI TAK SECURITIES (ASIA) LTD,707A WING ON HOUSE 71 DES VOEUX ROAD CENTRAL HONG KONG,"93,480",0.00%
B01666,CHINA GOLDJOY SECURITIES LTD,UNITS 1704-1706 17/F INFINITUS PLAZA 199 DES VOEUX ROAD CENTRAL HONG KONG,"91,276",0.00%
B01848,CATHAY SECURITIES (HONG KONG) LTD,RM 1001 10/F CHINA BUILDING 29 QUEEN'S ROAD CENTRAL HONG KONG,"88,000",0.00%
B01894,MAYFAIR & AYERS FINANCIAL GROUP LTD,UNITS 3103A-3108 31/F TOWER 2 LIPPO CENTRE 89 QUEENSWAY ADMIRALTY HONG KONG,"87,500",0.00%
B01566,K.K.M. SECURITIES LTD,23/F 77-83 WANCHAI ROAD WANCHAI HONG KONG,"83,103",0.00%
B01767,NEW GALA SECURITIES CO LTD,RM 1106 REGENT CENTRE 88 QUEEN'S ROAD CENTRAL HONG KONG,"80,328",0.00%
B01343,CELETIO INVESTMENTS LTD,ROOM 2202-3 22/F CHINA INSURANCE GROUP BUILDING 141 DES VOEUX ROAD CENTRAL HONG KONG,"80,174",0.00%
B01462,PING AN SECURITIES LTD,UNIT 02 2/F CHINA MERCHANTS BUILDING 152-155 CONNAUGHT ROAD CENTRAL HONG KONG,"78,777",0.00%
B01765,PROMISING SECURITIES CO LTD,22/F CHUN WO COMMERCIAL CENTRE 23-27 WING WO STREET HONG KONG,"76,096",0.00%
B01519,GOOD HARVEST SECURITIES CO LTD,7/F HARBOUR COMMERCIAL BUILDING 122-124 CONNAUGHT ROAD CENTRAL CENTRAL HONG KONG,"75,782",0.00%
B01843,TELECOM DIGITAL SECURITIES LTD,UNITS 3608-3612 36/F TOWER 2 METROPLAZA 223 HING FONG ROAD KWAI FONG NEW TERRITORIES,"72,708",0.00%
B01624,CHINA GUARD INVESTMENTS LTD,UNIT 3510 35/F THE CENTER 99 QUEEN'S ROAD CENTRAL HONG KONG,"71,500",0.00%
B01777,DAIWA CAPITAL MARKETS HONG KONG LTD,LEVEL 26 ONE PACIFIC PLACE 88 QUEENSWAY HONG KONG,"71,356",0.00%
B01415,TARZAN STOCK & SHARES LTD,6/F HING YIP COMMERCIAL CENTRE 272-284 DES VOEUX ROAD CENTRAL HONG KONG,"71,188",0.00%
B01696,HANTEC SECURITIES CO LTD,12/F SOUTH CHINA BUILDING 1-3 WYNDHAM STREET CENTRAL HONG KONG,"70,178",0.00%
B01759,WINLAND WEALTH MANAGEMENT LTD,RM 1901 SOUTH CHINA BUILDING 3 WYNDHAM STREET CENTRAL HONG KONG,"69,503",0.00%
B01407,WIN WONG SECURITIES LTD,26/F SUPREME COMMERCIAL BUILDING 368 KING'S ROAD NORTH POINT HONG KONG,"69,335",0.00%
B01786,KO KUN STOCK CO LTD,FLAT 14B SHING LEE COMMERCIAL BUILDING 6-12 WING KUT STREET CENTRAL HONG KONG,"69,015",0.00%
B01508,SOUTHWEST SECURITIES (HK) BROKERAGE LTD,40/F LEE GARDEN ONE 33 HYSAN AVENUE CAUSEWAY BAY HONG KONG,"68,288",0.00%
B01700,REALINK FINANCIAL TRADE LTD,12/F ELITE CENTRE 22 HUNG TO ROAD NGAU TAU KOK KWUN TONG KOWLOON,"67,188",0.00%
B01866,ICBC INTERNATIONAL SECURITIES LTD,37/F ICBC TOWER 3 GARDEN ROAD HONG KONG,"66,968",0.00%
B01546,WO FUNG SECURITIES CO LTD,2/F SIU YING COMM BLDG 151-155 QUEEN'S ROAD CENTRAL HONG KONG,"65,152",0.00%
B01662,BOKHARY SECURITIES LTD,19/F TAK WOO HOUSE 17-19 D'AGUILAR STREET CENTRAL HONG KONG,"65,086",0.00%
B01455,NATIONAL RESOURCES SECURITIES LTD,RM 102 1/F ON HONG COMMERCIAL BUILDING 145 HENNESSY ROAD WANCHAI HONG KONG,"64,760",0.00%
B01473,SUNNY WORLD INVESTMENT LTD,10/F SIBERIAN BLDG 29 DES VOEUX ROAD CENTRAL HONG KONG,"64,438",0.00%
B01815,T & F EQUITIES LTD,9/F HONG KONG DIAMOND EXCHANGE BUILDING 8-10 DUDDELL STREET CENTRAL HONG KONG,"62,000",0.00%
B01606,EWARTON SECURITIES LTD,RM 1009 10/F WING ON CENTRE 111 CONNAUGHT ROAD CENTRAL SHEUNG WAN HONG KONG,"60,940",0.00%
B01433,HING WAI ALLIED SECURITIES LTD,RM 2902-2903 118 CONNAUGHT ROAD WEST HONG KONG,"60,718",0.00%
,HONG KONG SECURITIES CLEARING CO. LTD.,12/F ONE INTERNATIONAL FINANCE CENTRE 1 HARBOUR VIEW STREET CENTRAL HONG KONG,"60,647",0.00%
B01458,YICKO SECURITIES LTD,19TH FLOOR TUNG NING BUILDING 125-7 CONNAUGHT ROAD CENTRAL HONG KONG,"60,582",0.00%
B01597,TIMES SECURITIES CO LTD,SUITE 3110 TOWER I LIPPO CENTRE 89 QUEENSWAY HONG KONG,"60,423",0.00%
C00011,PUBLIC BANK (HONG KONG) LTD,PUBLIC BANK CENTRE 120 DES VOEUX ROAD CENTRAL HONG KONG,"59,036",0.00%
B01459,IFAST SECURITIES (HK) LTD,SUITE 1303 TWO EXCHANGE SQUARE 8 CONNAUGHT PLACE CENTRAL HONG KONG,"59,000",0.00%
B01144,TAK FUNG SHARES INVESTMENT CO LTD,8/F WAH YUEN BLDG 145-149 QUEEN'S RD CENTRAL HONG KONG,"58,174",0.00%
B01472,SUN GROWTH SECURITIES LTD,29/F INFINITUS PLAZA 199 DES VOEUX ROAD CENTRAL HONG KONG,"58,137",0.00%
B01575,MASTER TRADEMORE SECURITIES LTD,12/F SHUM TOWER 268 DES VOEUX ROAD CENTRAL HONG KONG,"56,283",0.00%
B01646,TAI NING STOCK CO LTD,13/F WINGS BUILDING 110-116 QUEEN'S ROAD CENTRAL HONG KONG,"55,384",0.00%
B01509,UNICORN SECURITIES CO LTD,RM 503 GENERAL COMMERCIAL BUILDING 156-164 DES VOEUX ROAD CENTRAL HONG KONG,"54,476",0.00%
B01814,WELL LINK SECURITIES LTD,UNIT 16-18 11/F CHINA MERCHANTS TOWER SHUN TAK CENTRE 168-200 CONNAUGHT ROAD CENTRAL HONG KONG,"53,500",0.00%
B01342,WAH THAI SECURITIES LTD,RM 202 2/F GENERAL COMMERCIAL BUILDING 156-164 DES VOEUX ROAD CENTRAL HONG KONG,"52,756",0.00%
B01665,WINSOME STOCK CO LTD,TOP FLOOR WING SHUN BUILDING 64-66 BONHAM STRAND WEST HONG KONG,"52,668",0.00%
B01443,YING WAH SECURITIES CO LTD,RM A 3/F FOO CHEONG BUILDING 82-86 WING LOK STREET SHEUNG WAN HONG KONG,"52,152",0.00%
B01520,NORTH SEA SECURITIES LTD,2/F UNIT B WINBASE CENTRE 208 QUEEN'S ROAD CENTRAL HONG KONG,"51,445",0.00%
B01328,BAN HIN SECURITIES CO LTD,RM 901-2 LANSING HSE 41-47 QUEEN'S RD C CENTRAL HONG KONG,"50,752",0.00%
B01783,FREDDY CO LTD,RM 2102 21/F MELBOURNE PLAZA 33 QUEEN'S ROAD CENTRAL CENTRAL HONG KONG,"50,723",0.00%
,HARMONY ENTERPRISES LIMITED *,C/O HK PRESCHOOL (PICTORIAL) PODIUM PICTORIAL GARDEN PHASE II 23 ON KING STREET SHATIN NEW TERRITORIES,"50,720",0.00%
,SIU YUK LUNG *,UNIT A 15/F KINGS WING PLAZA 2 1 ON KWAN STREET SHATIN NEW TERRITORIES,"50,524",0.00%
B01551,YUE XIU SECURITIES CO LTD,28/F SIU ON CENTRE 188 LOCKHART ROAD WANCHAI HONG KONG,"49,976",0.00%
B01428,HIP HING SECURITIES LTD,11/F DUKE WELLINGTON BLDG 14-24 WELLINGTON ST CENTRAL HONG KONG,"48,444",0.00%
B01947,FUBON SECURITIES (HONG KONG) LTD,UNIT B 41/F @CONVOY 169 ELECTRIC ROAD HONG KONG,"48,260",0.00%
B01297,ONSHINE SECURITIES LTD,21/F ENTERTAINMENT BLDG 30 QUEEN'S ROAD CENTRAL HONG KONG,"48,036",0.00%
B01559,HING LEE SECURITIES LTD,RM 3008 TOWER 6 THE GATEWAY HARBOUR CITY TSIMSHATSUI KOWLOON,"47,848",0.00%
B01806,CHINA GATHER WEALTH FINANCIAL CO LTD,UNIT A1 & A2 12/F LIPPO LEIGHTON TOWER 103 LEIGHTON ROAD CAUSEWAY BAY HONG KONG,"47,472",0.00%
B01438,KINGSTON SECURITIES LTD,SUITE 2801  28TH FLOOR ONE INTERNATIONAL FINANCE CENTRE 1 HARBOUR VIEW STREET CENTRAL HONG KONG,"46,649",0.00%
B01514,KARL-THOMSON SECURITIES CO LTD,RM 607-610 6/F TAI YAU BUILDING 181 JOHNSTON ROAD WANCHAI HONG KONG,"46,232",0.00%
,POON MIU FONG *,FLAT 6C BLOCK 10 DEERHILL BAY DEERHILL VILLAS 4699 TAI PO ROAD TAI PO KAU TAI PO NEW TERRITORIES,"45,412",0.00%
C00004,"MUFG BANK, LTD.",5/F AIA CENTRAL 1 CONNAUGHT ROAD CENTRAL HONG KONG,"43,940",0.00%
B01636,BUSINESS SECURITIES LTD,21/F HOLD WIN CENTRE 83 QUEEN'S ROAD EAST WANCHAI HONG KONG,"43,908",0.00%
B01535,WING YEE SECURITIES CO LTD,RM 1803 CHAMPION BUILDING 287-291 DES VOEUX ROAD CENTRAL SHEUNG WAN HONG KONG,"43,029",0.00%
B01213,MALAHON SECURITIES LTD,5-6/F 17/F & 21/F MALAHON CENTRE 8-12 STANLEY STREET CENTRAL HONG KONG,"42,517",0.00%
B01615,KAM FAI SECURITIES CO LTD,21/F CHAMPION BUILDING 287-291 DES VOEUX ROAD CENTRAL HONG KONG,"41,892",0.00%
B01191,OKACHI INVESTMENTS (HONG KONG) CO LTD,6/F EURO TRADE CTR 13-14 CONNAUGHT RD CENTRAL HONG KONG,"40,684",0.00%
B01657,JS CRESVALE SECURITIES INTERNATIONAL LTD,UNITS 905-906 9/F TWO HARBOURFRONT 22 TAK FUNG STREET HUNGHOM KOWLOON,"39,920",0.00%
B01294,CS WEALTH SECURITIES LTD,RM 3206 32/F CHINA RESOURCES BUILDING 26 HARBOUR ROAD WANCHAI HONG KONG,"39,046",0.00%
B01959,ZHONGTAI INTERNATIONAL SECURITIES LTD,7/F LI PO CHUN CHAMBERS 189 DES VOEUX ROAD CENTRAL HONG KONG,"38,369",0.00%
B01731,SHUN HENG SECURITIES LTD,SUITE 5107 51/F CENTRAL PLAZA 18 HARBOUR ROAD WANCHAI HONG KONG,"38,257",0.00%
B01460,BERICH BROKERAGE LTD,3/F SHUM TOWER 268 DES VOEUX ROAD CENTRAL HONG KONG,"38,165",0.00%
B01699,MASTERLINK SECURITIES (HONG KONG),26/F BONHAM TRADE CENTRE 50 BONHAM STRAND SHEUNG WAN HONG KONG,"36,736",0.00%
B01684,WING ON SECURITIES LTD,RM 1706-7 CHINA INSURANCE GROUP BUILDING 141 DES VOEUX ROAD CENTRAL HONG KONG,"36,429",0.00%
B01389,ZHONGRONG PT SECURITIES LTD,RM 201A 2/F CHINA BUILDING 29 QUEEN'S ROAD CENTRAL HONG KONG,"35,849",0.00%
B01585,SINO GRADE SECURITIES LTD,RM 604 TAI PO COMMERCIAL CENTRE 152-172 KWONG FUK ROAD TAI PO NEW TERRITORIES,"34,592",0.00%
B01676,TAI SHING STOCK INVESTMENT CO LTD,ROOM 801-804 HALESON BUILDING 1 JUBILEE STREET CENTRAL HONG KONG,"34,590",0.00%
B01769,ONE CHINA SECURITIES LTD,2/F CHEONG K. BUILDING 84-86 DES VOEUX ROAD CENTRAL HONG KONG,"34,471",0.00%
B01761,KO'S BROTHER SECURITIES CO LTD,"UNITS 1A&B, 2C & 6A KO'S HOUSE 577 NATHAN ROAD MONGKOK KOWLOON","33,996",0.00%
B01500,D.J. SECURITIES LTD,13/F D. J. BUILDING 173 HOI BUN ROAD KWUN TONG KOWLOON,"33,520",0.00%
B01705,HENIK SECURITIES LTD,7/F CHEONG SUN TOWER 118 WING LOK STREET SHEUNG WAN HONG KONG,"33,152",0.00%
B01632,WAI FAT SECURITIES LTD,FLAT D  4/F  MONGKOK BUILDING 546-548 NATHAN ROAD MONGKOK KOWLOON,"33,128",0.00%
B01659,CHEER UNION SECURITIES LTD,15/F WORLD TRUST TOWER 50 STANLEY STREET CENTRAL HONG KONG,"32,840",0.00%
B01310,TUNG TAK SECURITIES (H.K.) CO LTD,G/F 169 TAI NAM ST SHAMSHUIPO KOWLOON,"32,628",0.00%
B01609,WILBY SECURITIES LTD,14/F OTB BUILDING 259-265 DES VOEUX ROAD CENTRAL HONG KONG,"32,548",0.00%
B01710,SINO-RICH SECURITIES & FUTURES LTD,3702B FAR EAST FINANCE CENTRE 16 HARCOURT ROAD ADMIRALTY HONG KONG,"32,318",0.00%
B01724,RAMON INVESTMENT CO LTD,RM 201-5 2/F KOWLOON CENTRE 29-39 ASHLEY ROAD KOWLOON,"31,206",0.00%
B01784,FU YIP SECURITIES AND INVESTMENT CO LTD,FLAT F 4/F SHING LEE COMMERCIAL BUILDING 6-12 WING KUT STREET CENTRAL HONG KONG,"31,123",0.00%
B01318,OKASAN INTERNATIONAL (ASIA) LTD,RM 4601-4603 46/F THE CENTER 99 QUEEN'S ROAD CENTRAL HONG KONG,"31,116",0.00%
B01266,TANRICH ASIA-PAC SECURITIES LTD,SUITE 801 CENTRAL PLAZA 18 HARBOUR ROAD WANCHAI HONG KONG,"30,984",0.00%
B01341,TUNG TAI SECURITIES CO LTD,RM 508 TWO EXCHANGE SQUARE 8 CONNAUGHT PLACE CENTRAL HONG KONG,"30,432",0.00%
B01886,CNI SECURITIES GROUP LTD,10/F SUN'S GROUP CENTRE 200 GLOUCESTER ROAD WANCHAI HONG KONG,"30,000",0.00%
,"BARNETT MATTHEW JOHN, BARNETT DIANA *",FLAT 12B KADOORIE AVENUE MANSION 205-207 PRINCE EDWARD ROAD WEST HOMANTIN KOWLOON,"29,996",0.00%
B01890,GUOSEN SECURITIES (HK) BROKERAGE CO LTD,42/F TWO INTERNATIONAL FINANCE CENTRE 8 FINANCE STREET CENTRAL HONG KONG,"29,920",0.00%
B01481,NEW REGION SECURITIES CO LTD,UNIT A 19/F DAH SING LIFE BUILDING 99 DES VOEUX ROAD CENTRAL HONG KONG,"29,868",0.00%
B01792,HONG KONG WAN KIU INVESTMENT CO LTD,RM 1303 13/F ON LOK YUEN BUILDING 25 DES VOEUX ROAD CENTRAL HONG KONG,"29,752",0.00%
B01940,8 SECURITIES LTD,17/F THE L. PLACE 139 QUEEN'S ROAD CENTRAL CENTRAL HONG KONG,"29,000",0.00%
B01712,WAH SANG SECURITIES LTD,UNIT B 16/F WINBASE CENTRE 208 QUEEN'S ROAD CENTRAL HONG KONG,"28,996",0.00%
B01832,MIZUHO SECURITIES ASIA LTD,14/F-15/F K11 ATELIER 18 SALISBURY ROAD TSIM SHA TSUI KOWLOON,"28,780",0.00%
B01855,VISION FINANCE (SECURITIES) LTD,RM 23A YARDLEY COMMERCIAL BUILDING 3 CONNAUGHT ROAD WEST HONG KONG,"28,000",0.00%
B01904,VALUABLE CAPITAL LTD,RM 2815 28/F CHINA MERCHANTS TOWER SHUN TAK CENTRE 168-200 CONNAUGHT RD CENTRAL SHEUNG WAN HONG KONG,"27,920",0.00%
B01401,MEGABASE SECURITIES LTD,RM 608-609 6/F ONE ISLAND SOUTH 2 HEUNG YIP ROAD HONG KONG,"27,916",0.00%
B01749,TANG KEE SECURITIES LTD,RM 803 8/F CHINA INSURANCE GROUP BLDG 141 DES VOEUX ROAD CENTRAL CENTRAL HONG KONG,"27,854",0.00%
B01642,KMT SECURITIES LTD,G/F SUNSHINE MANSION 46/46A FORT STREET HONG KONG,"27,732",0.00%
B01964,HALCYON SECURITIES LTD,11/F 8 WYNDHAM STREET CENTRAL HONG KONG,"26,288",0.00%
B01825,GUOYUAN SECURITIES BROKERAGE (HONG KONG),22/F CCB TOWER 3 CONNAUGHT ROAD CENTRAL CENTRAL HONG KONG,"26,144",0.00%
B01547,KWOK HING SECURITIES LTD,RM 702 FAR EAST CONSORTIUM BUILDING 121 DES VOEUX ROAD CENTRAL HONG KONG,"26,000",0.00%
B01943,PO SANG SECURITIES AND FUTURES LTD,1/F WING ON HOUSE 71 DES VOEUX ROAD CENTRAL HONG KONG,"25,840",0.00%
B01141,FE SECURITIES LTD,4/F HENLEY BUILDING 5 QUEEN'S ROAD CENTRAL HONG KONG,"25,722",0.00%
B01973,PC SECURITIES LTD,UNIT A 11/F LEE GARDEN FIVE 18 HYSAN AVENUE CAUSEWAY BAY HONG KONG,"25,076",0.00%
B01678,GLS SECURITIES LTD,ROOM 1001 HONG KONG HOUSE 17-19 WELLINGTON STREET CENTRAL HONG KONG,"24,328",0.00%
B01794,INTERCONTINENT SECURITIES CO LTD,RM 1802 CAR PO COMMERCIAL BUILDING 37-43 POTTINGER STREET HONG KONG,"24,104",0.00%
B01592,PLATINUM BROKING CO LTD,21/F LHT TOWER 31 QUEEN'S ROAD CENTRAL HONG KONG,"24,052",0.00%
B01558,GOLD FUND SECURITIES CO LTD,RM 1102 HARVEST BUILDING 29-35 WING KUT STREET CENTRAL HONG KONG,"23,576",0.00%
B01714,HEAD & SHOULDERS SECURITIES LTD,ROOM 2511 25/F COSCO TOWER 183 QUEEN'S ROAD CENTRAL HONG KONG,"23,509",0.00%
B01967,YUNFENG SECURITIES LTD,SUITES 3201-3204 ONE EXCHANGE SQUARE 8 CONNAUGHT ROAD CENTRAL HONG KONG,"23,050",0.00%
B01779,LEE'S SECURITIES CO LTD,UNIT B 19/F TWO CHINACHEM PLAZA 135 DES VOEUX ROAD CENTRAL HONG KONG,"22,760",0.00%
B01493,YARDLEY SECURITIES LTD,20/F V-HEUN BUILDING 138 QUEEN'S ROAD CENTRAL HONG KONG,"22,740",0.00%
B01181,FOSUN HANI SECURITIES LTD,SUITE 2101-2105 21/F CHAMPION TOWER 3 GARDEN ROAD CENTRAL HONG KONG,"22,460",0.00%
B01601,CSC SECURITIES (HK) LTD,UNIT 3204-3207 32/F COSCO TOWER GRAND MILLENNIUM PLAZA 183 QUEEN'S ROAD CENTRAL HONG KONG,"22,368",0.00%
B01680,SUCCESS SECURITIES LTD,SUITE 1603-1607 16/F GREAT EAGLE CENTRE 23 HARBOUR ROAD WANCHAI HONG KONG,"22,028",0.00%
B02032,FORTHRIGHT SECURITIES CO LTD,19-20/F BOC GROUP LIFE ASSURANCE TOWER 134-136 DES VOEUX ROAD CENTRAL HONG KONG,"22,000",0.00%
B01976,FRONTIER CAPITAL MANAGEMENT LTD,23/F THREE EXCHANGE SQUARE 8 CONNAUGHT PLACE CENTRAL HONG KONG,"21,840",0.00%
B01951,GENTING SECURITIES LTD,SUITE 1501 OCEAN CENTRE 5 CANTON ROAD TSIMSHATSUI KOWLOON,"21,520",0.00%
B01780,TUNG SHUN SECURITIES LTD,RM 202 PETER BUILDING 58-62 QUEEN'S ROAD CENTRAL HONG KONG,"21,460",0.00%
B01677,ANUE SECURITIES LTD,28/F GUANGDONG TOURS CENTER 18 PENNINGTON STREET CAUSEWAY BAY HONG KONG,"21,368",0.00%
B01248,KWAN YICK SECURITIES (INTERNATIONAL) LTD,FLAT B & C 3/F HO LEE COMM BLDG 38-44 D'AGUILAR ST CENTRAL HONG KONG,"21,177",0.00%
B01427,SINCERE SECURITIES LTD,9/F COSCO TOWER 183 QUEEN'S ROAD CENTRAL HONG KONG,"21,102",0.00%
B01897,CENTRAL WEALTH SECURITIES INVESTMENT LTD,UNIT 6708A LEVEL 67 INTERNATIONAL COMMERCE CENTRE 1 AUSTIN ROAD WEST KOWLOON,"20,751",0.00%
B01277,BRADBURY SECURITIES LTD,RM 06-07 58/F THE CENTER 99 QUEEN'S ROAD CENTRAL HONG KONG,"19,904",0.00%
B01715,PRESIDENT SECURITIES (HONG KONG) LTD,UNITS 2603-2606 26/F INFINITUS PLAZA 199 DES VOEUX ROAD CENTRAL HONG KONG,"19,645",0.00%
B01577,YF SECURITIES CO LTD,11/F CMA BUILDING 64-66 CONNAUGHT ROAD CENTRAL HONG KONG,"19,620",0.00%
B01444,BAILI SECURITIES CO LTD,10/F TERN CENTRE TOWER 1 237 QUEEN'S ROAD CENTRAL SHEUNG WAN HONG KONG,"19,472",0.00%
B01614,CHINA HONG KONG CAPITAL ASSET MANAGEMENT,8/F ST. JOHN'S BUILDING 33 GARDEN ROAD CENTRAL HONG KONG,"19,364",0.00%
B01525,KEE CHEONG SECURITIES CO LTD,1/F SUN MONG HOUSE 50-56 MONGKOK ROAD MONGKOK KOWLOON,"19,068",0.00%
B01829,HUATAI FINANCIAL HOLDINGS (HONG KONG),RM 5808-5812 58/F THE CENTER 99 QUEEN'S ROAD CENTRAL HONG KONG,"18,184",0.00%
B01550,HUAYU SECURITIES LTD,SUITE 930 9/F OCEAN CENTRE HARBOUR CITY 5 CANTON ROAD KOWLOON,"17,972",0.00%
B01454,HAO TIAN INTERNATIONAL SECURITIES LTD,10/F 80 GLOUCESTER ROAD WANCHAI HONG KONG,"17,896",0.00%
B01729,JOINCAP SECURITIES LTD,SUITE 606 LEVEL 6 ONE PACIFIC PLACE 88 QUEENSWAY ADMIRALTY HONG KONG,"17,684",0.00%
B01901,CMB INTERNATIONAL SECURITIES LTD,45/F CHAMPION TOWER 3 GARDEN ROAD CENTRAL HONG KONG,"17,500",0.00%
B02019,GEO SECURITIES LTD,RM 1707 17/F HARCOURT HOUSE 39 GLOUCESTER ROAD WANCHAI HONG KONG,"17,420",0.00%
B01322,INFAST BROKERAGE LTD,18/F 8 LYNDHURST TERRACE 2-10 LYNDHURST TERRACE CENTRAL HONG KONG,"17,238",0.00%
B01457,MARS SECURITIES CO LTD,2/F CHUNG NAM HSE 59 DES VOEUX ROAD CENTRAL HONG KONG,"17,208",0.00%
B01604,HUABANG SECURITIES LTD,RM 2901-2902 29/F ENTERPRISE SQUARE TWO 3 SHEUNG YUET ROAD KOWLOON BAY KOWLOON,"17,188",0.00%
B01863,CAPITEC SECURITIES LTD,UNIT 1405-1407 14/F CHINA MERCHANTS STEAM NAVIGATION BLDG 303-307 DES VOEUX ROAD CENTRAL HONG KONG,"17,000",0.00%
B02046,CHINA TIAN YUAN SECURITIES LTD,RM 2907-2908 29/F CHINA RESOURCES BUILDING 26 HARBOUR ROAD WANCHAI HONG KONG,"17,000",0.00%
B01648,ASIA PACIFIC SECURITIES LTD,SUITE 1005 10/F LANSING HOUSE 41 QUEEN'S ROAD CENTRAL HONG KONG,"16,920",0.00%
B01647,TRUTH SECURITIES LTD,RM 402 4/F KAI WONG COMMERCIAL BUILDING 222 QUEEN'S ROAD CENTRAL HONG KONG,"16,788",0.00%
B01917,CHINA TIMES SECURITIES LTD,RM 503 5/F THE SUN'S GROUP CENTRE 200 GLOUCESTER ROAD HONG KONG,"16,788",0.00%
B01531,LAU & CO LTD,RM 801 PARKER HOUSE 72 QUEEN'S ROAD CENTRAL HONG KONG,"16,664",0.00%
B01809,CHINA SYSTEM SECURITIES LTD,12/F TUNG HIP COMMERCIAL BUILDING 252 DES VOEUX ROAD CENTRAL HONG KONG,"15,760",0.00%
B01728,AJ SECURITIES LTD,UNIT 3908-3909 39/F COSCO TOWER 183 QUEEN'S ROAD CENTRAL SHEUNG WAN HONG KONG,"15,680",0.00%
B01726,C.P. SECURITIES INTERNATIONAL LTD,RM 2707 27/F CHINA RESOURCES BUILDING 26 HARBOUR ROAD WANCHAI HONG KONG,"15,344",0.00%
B01521,CHAN NGOK MING SECURITIES LTD,RM 201 CONWELL HOUSE 34-38 STANLEY STREET CENTRAL HONG KONG,"15,125",0.00%
B01434,BEEVEST SECURITIES LTD,SUITES 1110-1111 11/F TOWER 6 THE GATEWAY HARBOUR CITY TSIMSHATSUI KOWLOON,"14,776",0.00%
B01739,CHUNG LEE SECURITIES CO LTD,RM 601-602 JUBILEE CENTRE 18 FENWICK STREET WANCHAI HONG KONG,"14,694",0.00%
B01930,PRIME COURAGE SECURITIES CO LTD,UNIT A 23/F 88 LOCKHART ROAD WANCHAI HONG KONG,"14,000",0.00%
B01941,CENTALINE SECURITIES LTD,UNIT 1003-1005 10/F MIRA PLACE TOWER A 132 NATHAN ROAD TSIM SHA TSUI KOWLOON,"13,972",0.00%
B01751,JOHN & WONG SECURITIES CO LTD,9/F MALAHON CENTRE 10-12 STANLEY STREET HONG KONG,"13,738",0.00%
B01771,ETERNAL PEARL SECURITIES LTD,19/F 88 GLOUCESTER ROAD WANCHAI HONG KONG,"13,656",0.00%
B01372,FIRST WORLDSEC SECURITIES LTD,RM 1003 10/F INFINITUS PLAZA 199 DES VOEUX ROAD CENTRAL HONG KONG,"13,604",0.00%
B01669,FIRST SECURITIES (HK) LTD,RM 1708-1710 17/F CHINA INSURANCE GROUP BUILDING 141 DES VOEUX ROAD CENTRAL HONG KONG,"12,960",0.00%
B01654,CHINA INTERNATIONAL CAPITAL CORPORATION,29/F ONE INTERNATIONAL FINANCE CENTRE 1 HARBOUR VIEW STREET CENTRAL HONG KONG,"12,604",0.00%
B01882,PING AN OF CHINA SECURITIES (HONG KONG),UNITS 3611-3613 36/F THE CENTER 99 QUEEN'S ROAD CENTRAL CENTRAL HONG KONG,"12,128",0.00%
B01487,MAXSON SECURITIES LTD,FLAT 5B LLOYDS COMMERCIAL CENTRE 8 WING LOK STREET SHEUNG WAN HONG KONG,"12,000",0.00%
B01741,SINOMAX SECURITIES LTD,UNIT 2705-2706 27/F TOWER 1 LIPPO CENTRE 89 QUEENSWAY HONG KONG,"11,868",0.00%
B01831,GLORY SKY GLOBAL MARKETS LTD,13/F AIA TOWER 183 ELECTRIC ROAD NORTH POINT HONG KONG,"11,868",0.00%
,YEUNG MIU YING *,FLAT A 15/F BLOCK 2 EDEN GARDEN 9-11 LOK FUNG PATH FO TAN SHATIN NEW TERRITORIES,"11,760",0.00%
B01386,SBI CHINA CAPITAL FINANCIAL SERVICES LTD,UNIT A2 32/F UNITED CENTRE 95 QUEENSWAY HONG KONG,"11,504",0.00%
B01962,CHINA SECURITIES (INTERNATIONAL),18/F TWO EXCHANGE SQUARE 8 CONNAUGHT PLACE CENTRAL HONG KONG,"11,500",0.00%
B01410,CHINA RICH SECURITIES LTD,UNIT 1401 14/F LOW BLOCK GRAND MILLENNIUM PLAZA 181 QUEEN'S ROAD CENTRAL HONG KONG,"11,424",0.00%
B01417,CHEE TAK SECURITIES LTD,13/F WING YEE COMMERCIAL BLDG 5 WING KUT STREET CENTRAL HONG KONG,"11,097",0.00%
B01716,ORIENT SECURITIES LTD,RM 3101 31/F CHINA MERCHANTS TOWER SHUN TAK CENTRE 168-200 CONNAUGHT ROAD CENTRAL HONG KONG,"11,000",0.00%
B01080,VMS SECURITIES LTD,49/F ONE EXCHANGE SQUARE 8 CONNAUGHT PLACE CENTRAL HONG KONG,"10,960",0.00%
B01942,SINO WEALTH SECURITIES LTD,UNIT 2401 24/F BANK OF EAST ASIA HARBOUR VIEW CENTRE 56 GLOUCESTER ROAD WANCHAI HONG KONG,"10,892",0.00%
B01753,FORTUNE (HK) SECURITIES LTD,ROOM 4301-4308 & 4313 COSCO TOWER 183 QUEEN'S ROAD CENTRAL SHEUNG WAN HONG KONG,"10,260",0.00%
B01645,SELINA & CO LTD,RM 601-602 6/F PETER BUILDING 58-60 QUEEN'S ROAD CENTRAL HONG KONG,"10,052",0.00%
B01906,SUN INTERNATIONAL SECURITIES LTD,UNIT 2412-2413 24/F CHINA MERCHANTS TOWER SHUN TAK CENTRE 168-200 CONNAUGHT ROAD CENTRAL HONG KONG,"10,024",0.00%
,CHAN YIM TAO MARGARET *,FLAT A 8/F BLOCK A-B GREENVIEW GARDENS 125 ROBINSON ROAD HONG KONG,"10,000",0.00%
B01915,9F PRIMASIA SECURITIES LTD,SUITE 4806-07 48/F CENTRAL PLAZA 18 HARBOUR ROAD WANCHAI HONG KONG,"10,000",0.00%
B01980,SSIF SECURITIES LTD,UNIT A 29/F ADMIRALTY CENTRE TOWER 1 18 HARCOURT ROAD ADMIRALTY HONG KONG,"10,000",0.00%
B02036,DAKIN SECURITIES LTD,RM 2701 ADMIRALTY CENTRE TOWER 1 18 HARCOURT ROAD ADMIRALTY HONG KONG,"10,000",0.00%
B01528,EAA SECURITIES LTD,UNIT 2306 23/F 9 QUEEN'S ROAD CENTRAL HONG KONG,"9,988",0.00%
B01773,TOYO SECURITIES ASIA LTD,UNIT 502 5/F HENLEY BUILDING 5 QUEEN'S ROAD CENTRAL HONG KONG,"9,620",0.00%
B01608,TAIWAN CONCORD CAPITAL SECURITIES (HONG,18/F CENTRAL TOWER 28 QUEEN'S ROAD CENTRAL CENTRAL HONG KONG,"9,576",0.00%
B01978,FOUNDER SECURITIES (HONG KONG) LTD,SUITES 1710-1719 JARDINE HOUSE 1 CONNAUGHT PLACE CENTRAL HONG KONG,"9,500",0.00%
,FUNG SHIU LAN RUBY *,LOT 1098 DD 253 PAK SHEK WO CLEAR WATER BAY ROAD TSENG LAN SHUE SAI KUNG NEW TERRITORIES,"9,000",0.00%
B01421,CSL SECURITIES LTD,RM 1406-1412 14/F NAN FUNG TOWER 88 CONNAUGHT ROAD CENTRAL CENTRAL HONG KONG,"8,896",0.00%
B01569,TANG PING KONG LTD,UNIT 306 3/F PRINTING HOUSE 6 DUDDELL STREET CENTRAL HONG KONG,"8,592",0.00%
B01523,EVER-LONG SECURITIES CO LTD,18/F DAH SING LIFE BUILDING 99 DES VOEUX ROAD CENTRAL HONG KONG,"8,552",0.00%
B01402,PHOENIX CAPITAL SECURITIES LTD,RM 503 5/F TOWER II ADMIRALTY CENTRE 18 HARCOURT ROAD HONG KONG,"8,156",0.00%
,FENG MAN CHIK ALEX *,FLAT C 32/F TOWER 1 TRINITY TOWERS 339 LAI CHI KOK ROAD SHAM SHUI PO KOWLOON,"7,736",0.00%
B01501,GOLDRIDE SECURITIES LTD,17/F 8 LYNDHURST TERRACE NO. 2-10 LYNDHURST TERRACE CENTRAL HONG KONG,"7,556",0.00%
B01477,FT SECURITIES LTD,22/F FORTIS TOWER 77-79 GLOUCESTER ROAD WANCHAI HONG KONG,"7,526",0.00%
B01660,GRANSING SECURITIES CO LTD,17/F HING YIP COMMERCIAL CENTRE 272-284 DES VOEUX ROAD CENTRAL CENTRAL HONG KONG,"7,526",0.00%
B01702,BLACK MARBLE SECURITIES LTD,21/F THE WELLINGTON 184-198 WELLINGTON STREET CENTRAL HONG KONG,"7,500",0.00%
B01650,KAM LUEN SECURITIES LTD,UNIT 2702 27/F GOLDEN CENTRE 188 DES VOEUX ROAD CENTRAL HONG KONG,"7,377",0.00%
B01256,SINOLINK SECURITIES (HONG KONG) CO LTD,"UNITS 2503, 2505-2506 25/F LOW BLOCK GRAND MILLENNIUM PLAZA 181 QUEEN'S ROAD CENTRAL HONG KONG","7,340",0.00%
B01346,CHINA PACIFIC SECURITIES LTD,RM 1008 CHINA INSURANCE GROUP BUILDING 141 DES VOEUX ROAD CENTRAL HONG KONG,"7,000",0.00%
B01653,WAI MAN STOCK & SHARES CO LTD,RM 2 2/F LAI KWAN COURT 438 CASTLE PEAK ROAD CHEUNG SHA WAN KOWLOON,"7,000",0.00%
C00099,"TAISHIN INTERNATIONAL BANK CO., LTD",6/F SUN LIFE TOWER THE GATEWAY 15 CANTON ROAD TSIMSHATSUI KOWLOON,"7,000",0.00%
B01768,WINTONE SECURITIES LTD,RM 1304 13/F FWD FINANCIAL CENTRE 308 DES VOEUX ROAD CENTRAL HONG KONG,"6,420",0.00%
B01385,FAIRWIN BROKING LTD,RM 11 7/F LIPPO SUN PLAZA 28 CANTON ROAD TSIM SHA TSUI KOWLOON,"6,052",0.00%
B01404,HONG KONG STOCK LINK SECURITIES LTD,11A CKK COMMERCIAL CENTRE 289 HENNESSY ROAD WANCHAI HONG KONG,"6,052",0.00%
B01900,ORIENT SECURITIES (HONG KONG) LTD,28/F 100 QUEEN'S ROAD CENTER 100 QRC CENTRAL HONG KONG,"6,052",0.00%
,YIP LAI YING *,UNIT C 3/F TOWER 1 VISTA PARADISO 2 HANG MING STREET MA ON SHAN NEW TERRITORIES,"6,000",0.00%
B01833,CTBC ASIA LTD,RM 2809 28/F TWO INTERNATIONAL FINANCE CENTRE 8 FINANCE STREET CENTRAL HONG KONG,"6,000",0.00%
B01875,GUODU SECURITIES (HONG KONG) LTD,RM 1307 13/F BANK OF AMERICA TOWER 12 HARCOURT ROAD CENTRAL HONG KONG,"6,000",0.00%
B01969,CM SECURITIES (HONGKONG) CO LTD,SUITE 1004 10/F CITIBANK PLAZA ICBC TOWER 3 GARDEN ROAD CENTRAL HONG KONG,"6,000",0.00%
B02096,AFG SECURITIES LTD,RM B 17/F FORTUNE HOUSE 61 CONNAUGHT ROAD CENTRAL CENTRAL HONG KONG,"6,000",0.00%
B01260,LAMTEX SECURITIES LTD,RM 716 STAR HOUSE 3 SALISBURY ROAD TSIMSHATSUI KOWLOON,"5,814",0.00%
B01720,NORMAN KONG SECURITIES CO LTD,RM 504 MONGKOK COMMERCIAL CENTRE 16 ARGYLE STREET MONGKOK KOWLOON,"5,788",0.00%
B01802,REDFORD SECURITIES LTD,RM 2705 27/F SINO PLAZA 255-257 GLOUCESTER ROAD CAUSEWAY BAY HONG KONG,"5,788",0.00%
B01679,TAI FUNG SECURITIES LTD,3/F TACK BUILDING 48 GILMAN STREET HONG KONG,"5,552",0.00%
B01907,CHINA DEMETER SECURITIES LTD,3/F CENTRAL 88 88-98 DES VOEUX ROAD CENTRAL CENTRAL HONG KONG,"5,500",0.00%
B01776,AIF SECURITIES LTD,RM 3206 32/F BANK OF AMERICA TOWER 12 HARCOURT ROAD CENTRAL HONG KONG,"5,304",0.00%
B01732,WINTECH SECURITIES LTD,UNIT F 20/F CHINA OVERSEAS BUILDING 139 HENNESSY ROAD WANCHAI HONG KONG,"5,052",0.00%
B01975,SUPREME CHINA SECURITIES LTD,SUITES 2701-2702 27/F EVERBRIGHT CENTRE 108 GLOUCESTER ROAD WANCHAI HONG KONG,"5,000",0.00%
B02020,WEALTH LINK SECURITIES LTD,UNIT B1 5/F GUANGDONG INVESTMENT TOWER 148 CONNAUGHT ROAD CENTRAL HONG KONG,"4,868",0.00%
B01745,EVERGREEN SECURITIES LTD,RM B-D 3/F SHING HING COMMERCIAL BUILDING 21-27 WING KUT STREET HONG KONG,"4,684",0.00%
B02093,UPMAX SECURITIES LTD,RM 1717 CHINA MERCHANTS TOWER SHUN TAK CENTRE 168 CONNAUGHT ROAD CENTRAL HONG KONG,"4,420",0.00%
B01721,HUA NAN SECURITIES (HK) LTD,6/F KA WAH BANK CENTRE 232 DES VOEUX ROAD CENTRAL HONG KONG,"4,184",0.00%
B01920,TIANDA SECURITIES LTD,SUITES 2401-2410 24/F CITIC TOWER 1 TIM MEI AVENUE CENTRAL HONG KONG,"4,052",0.00%
B01859,CLC SECURITIES LTD,13/F NAN FUNG TOWER 88 CONNAUGHT ROAD CENTRAL CENTRAL HONG KONG,"4,000",0.00%
B01756,CHINA SKY SECURITIES LTD,RM 1106 11/F COSCO TOWER 183 QUEEN'S ROAD CENTRAL HONG KONG,"3,736",0.00%
B01869,SYNERWEALTH FINANCIAL LTD,UNIT A 7/F KING PALACE PLAZA 55 KING YIP STREET KWUN TONG KOWLOON,"3,684",0.00%
B01885,EASTMONEY INTERNATIONAL SECURITIES LTD,UNIT 3203 TOWER 1 ADMIRALTY CENTRE 18 HARCOURT ROAD ADMIRALTY HONG KONG,"3,500",0.00%
,YU MAN TING *,FLAT 11D BLOCK 13 CITY GARDEN NORTH POINT HONG KONG,"3,420",0.00%
B01772,TENSANT SECURITIES LTD,RM 1103 11/F COSCO TOWER 183 QUEEN'S ROAD CENTRAL HONG KONG,"3,420",0.00%
B01489,GRAND CARTEL SECURITIES CO LTD,UNIT A 17/F KA WAH BANK CENTRE 232 DES VOEUX ROAD CENTRAL SHEUNG WAN HONG KONG,"3,368",0.00%
B01937,CHANGJIANG SECURITIES BROKERAGE (HK) LTD,SUITE 1908 19/F COSCO TOWER 183 QUEEN'S ROAD CENTRAL HONG KONG,"3,184",0.00%
B01638,KILMOREY SECURITIES LTD,ROOM 3001 & 3008-3010 ALEXANDRA HOUSE 18 CHATER ROAD CENTRAL HONG KONG,"3,052",0.00%
B01674,MUNSUN SECURITIES LTD,RM 7809 78/F THE CENTER 99 QUEEN'S ROAD CENTRAL HONG KONG,"3,052",0.00%
B01936,MIGHTY BROKERAGE (ASIA) LTD,UNIT 1205B TUNG NING BUILDING 249-253 DES VOEUX ROAD CENTRAL HONG KONG,"3,052",0.00%
,WONG JING YUNG *,RM 219 2/F POK YUE HOUSE POK HONG ESTATE SHATIN NEW TERRITORIES,"3,000",0.00%
B01157,PASAY STOCK AND SHARES LTD,RM 905 WORLD-WIDE HSE 19 DES VOEUX RD CENTRAL HONG KONG,"3,000",0.00%
B01922,SUN SECURITIES LTD,RM 805-806 8/F FAR EAST CONSORTIUM BUILDING 121 DES VOEUX ROAD CENTRAL HONG KONG,"2,920",0.00%
B01329,BLOOMYEARS LTD,RM A & B 3/F WINNER COMMERCIAL BUILDING 401-403 LOCKHART ROAD WANCHAI HONG KONG,"2,759",0.00%
B01921,GONG PING SECURITIES LTD,UNIT D 8/F TOWER B BILLION CENTRE 1 WANG KWONG ROAD KOWLOON BAY KOWLOON,"2,500",0.00%
B01925,BMI SECURITIES LTD,SUITES 909-916 SHUI ON CENTRE 6-8 HARBOUR ROAD WANCHAI HONG KONG,"2,500",0.00%
B01510,ORIENTAL PATRON SECURITIES LTD,27/F TWO EXCHANGE SQUARE 8 CONNAUGHT PLACE CENTRAL HONG KONG,"2,368",0.00%
B01694,POWER SECURITIES CO LTD,RM 503 5/F WING ON HOUSE 71 DES VOEUX ROAD CENTRAL CENTRAL HONG KONG,"2,368",0.00%
B01571,KARFORD SECURITIES LTD,FLAT D 7/F MAN LOK BUILDING 89-93 BONHAM STRAND EAST HONG KONG,"2,052",0.00%
,LAU YIN HUNG *,FLAT 16C FU YUEN 39-49 WANCHAI ROAD WANCHAI HONG KONG,"2,000",0.00%
B01640,BEIJING SECURITIES LTD,25/F OCTA TOWER 8 LAM CHAK STREET KOWLOON BAY KOWLOON,"2,000",0.00%
B01743,CEPA ALLIANCE SECURITIES LTD,UNIT 2603-2605 26/F FWD FINANCIAL CENTRE 308-320 DES VOEUX ROAD CENTRAL HONG KONG,"2,000",0.00%
B01790,SHINENEX SECURITIES LTD,RM 2103 21/F JUBILEE CENTRE 42-46 GLOUCESTER ROAD WANCHAI HONG KONG,"2,000",0.00%
B01857,SOUTH OCEAN SECURITIES LTD,"RM 2011,2015-2016 20/F TWO INTERNATIONAL FINANCE CENTRE 8 FINANCE STREET CENTRAL HONG KONG","2,000",0.00%
B01375,TAI CHENG SECURITIES LTD,RM 1601-08 16/F NAN FUNG TOWER 88 CONNAUGHT ROAD CENTRAL CENTRAL HONG KONG,"1,868",0.00%
B01403,QUEST STOCKBROKERS (HK) LTD,5/F WING ON CHEONG BUILDING 5 WING LOK STREET SHEUNG WAN HONG KONG,"1,752",0.00%
B01308,GREAT WALL SECURITIES LTD,17/F 148 ELECTRIC ROAD NORTH POINT HONG KONG,"1,684",0.00%
B01948,CAITONG INTERNATIONAL SECURITIES CO LTD,UNITS 2401-2403 24/F GRAND MILLENNIUM PLAZA 181 QUEEN'S ROAD CENTRAL HONG KONG,"1,684",0.00%
B02009,GOLDEN RICH SECURITIES LTD,22/F SIU ON CENTRE 188 LOCKHART ROAD WANCHAI HONG KONG,"1,504",0.00%
B01580,WIN WIND SECURITIES LTD,25/F CHINA UNITED CENTRE 28 MARBLE ROAD NORTH POINT HONG KONG,"1,500",0.00%
B01631,TAI UNITED SECURITIES LTD,UNIT 810 L8 CORE F CYBERPORT 3 100 CYBERPORT ROAD HONG KONG,"1,500",0.00%
B01823,ANGLO CHINESE SECURITIES LTD,40/F TWO EXCHANGE SQUARE 8 CONNAUGHT PLACE CENTRAL HONG KONG,"1,500",0.00%
B02049,PACIFIC INTERNATIONAL SECURITIES LTD,SUITE 1003 10/F SILVERCORD TOWER 1 30 CANTON ROAD TSIM SHA TSUI KOWLOON,"1,500",0.00%
B02097,POLY WEALTH SECURITIES LTD,RM 2802 28/F CHINA RESOURCES BUILDING 26 HARBOUR ROAD WANCHAI HONG KONG,"1,500",0.00%
B01627,CHINA INNOVATIVE FINANCE SECURITIES LTD,UNIT 1410 14/F CHINA RESOURCES BUILDING 26 HARBOUR ROAD WANCHAI HONG KONG,"1,368",0.00%
B01641,FULL WIN SECURITIES LTD,RM 1101 11/F YUE SHING COMMERCIAL BUILDING 15-16 QUEEN VICTORIA STREET CENTRAL HONG KONG,"1,368",0.00%
B01935,JTI SECURITIES LTD,RM 1101 11/F 88 GLOUCESTER ROAD WANCHAI HONG KONG,"1,368",0.00%
B02068,CANFIELD SECURITIES CO LTD,SUITE 7707 77/F THE CENTER 99 QUEEN'S ROAD CENTRAL CENTRAL HONG KONG,"1,368",0.00%
B01471,PACIFIC CHALLENGE SECURITIES LTD,RM 1707-1709 17/F HARBOUR CENTRE 25 HARBOUR ROAD WANCHAI HONG KONG,"1,284",0.00%
B01625,METRO CAPITAL SECURITIES LTD,UNIT 502 5/F VERTICAL SQ 28 HEUNG YIP ROAD WONG CHUK HANG HONG KONG,"1,184",0.00%
B01754,SINOFORTUNE SECURITIES LTD,16/F CMA BUILDING 64-66 CONNAUGHT ROAD CENTRAL HONG KONG,"1,184",0.00%
B01860,KVB KUNLUN SECURITIES (HK) LTD,SUITE 6801 68/F INTERNATIONAL COMMERCE CENTRE 1 AUSTIN ROAD WEST KOWLOON,"1,184",0.00%
,CHEUNG YUEN YU *,FLAT B 32/F BLOCK 7 CHELSEA HEIGHTS TUEN MUN NEW TERRITORIES,"1,000",0.00%
,TANG CHEUNG *,RM 1502 15/F BLOCK B YUK TAO HOUSE TUNG TAO COURT SHAU KI WAN HONG KONG,"1,000",0.00%
B01192,SATINU MARKETS LTD,26/F CHINA UNITED CENTRE 28 MARBLE ROAD NORTH POINT HONG KONG,"1,000",0.00%
B01574,WADER SECURITIES CO LTD,RM 602 YIP FUNG BUILDING 2-18 D'AGUILAR STREET CENTRAL HONG KONG,"1,000",0.00%
B01785,PARTNERS CAPITAL SECURITIES LTD,RM 803B 8/F TOWER 1 ADMIRALTY CENTRE 18 HARCOURT ROAD HONG KONG,"1,000",0.00%
B01891,GOLDENWAY INVESTMENTS (HK) LTD,28/F TOWER 2 THE GATEWAY HARBOUR CITY TSIMSHATSUI KOWLOON,"1,000",0.00%
B01945,INTEGRITY SECURITIES LTD,UNIT 3 18/F YUE XIU BUILDING 160-174 LOCKHART ROAD WANCHAI HONG KONG,"1,000",0.00%
,MAN SAU HAN BECKY *,NO.15 SIXTH STREET SECTION B FAIRVIEW PARK YUEN LONG NEW TERRITORIES,684,0.00%
B01670,HING SHING SECURITIES LTD,RM 701 TOWER 1 ADMIRALTY CENTRE ADMIRALTY HONG KONG,684,0.00%
B01977,ZHONGCAI SECURITIES LTD,3/F ZHONGCAI CENTRE 131 QUEEN'S ROAD CENTRAL CENTRAL HONG KONG,684,0.00%
B01999,CF SECURITIES LTD,UNIT B 25/F TOWER B BILLION CENTRE 1 WANG KWONG ROAD KOWLOON,684,0.00%
B01110,J.P. MORGAN BROKING (HONG KONG) LTD,48/F ONE ISLAND EAST 18 WESTLANDS ROAD ISLAND EAST HONG KONG,600,0.00%
,CHEUNG YEE LAINE *,FLAT A 6/F HARRISON COURT PHASE 4 9 MAN WAN ROAD HOMANTIN KOWLOON,500,0.00%
,CHUNG MAN CHIN *,FLAT A 8/F BLOCK 1 CASCADES 93 CHUNG HAU STREET HOMANTIN KOWLOON,500,0.00%
B01738,CES CAPITAL INTERNATIONAL (HONG KONG) CO,22/F JUBILEE CENTRE 18 FENWICK STREET WANCHAI HONG KONG,500,0.00%
B01810,ASTRUM CAPITAL MANAGEMENT LTD,RM 2704 TOWER 1 ADMIRALTY CENTRE 18 HARCOURT ROAD ADMIRALTY HONG KONG,500,0.00%
B01883,CHINA RISE SECURITIES ASSET MANAGEMENT,10/F ISLAND PLACE TOWER 510 KING'S ROAD NORTH POINT HONG KONG,500,0.00%
B01971,HGNH INTERNATIONAL SECURITIES CO LTD,9/F & 16/F KA WAH BANK CENTRE 232 DES VOEUX ROAD CENTRAL HONG KONG,500,0.00%
B01974,ARISTO SECURITIES LTD,RM 101 1/F ON HONG COMMERCIAL BUILDING 145 HENNESSY ROAD WANCHAI HONG KONG,500,0.00%
B01986,HUAJIN SECURITIES (INTERNATIONAL) LTD,SUITE 1101 11/F CHAMPION TOWER 3 GARDEN ROAD CENTRAL HONG KONG,500,0.00%
B01988,KOALA SECURITIES LTD,UNITS 1301-1302 13/F EVERBRIGHT CENTRE 108 GLOUCESTER ROAD WANCHAI HONG KONG,500,0.00%
B01991,HF SECURITIES AND FUTURES LTD,RM 1606 16/F SOUTH TOWER CONCORDIA PLAZA 1 SCIENCE MUSEUM ROAD TSIM SHA TSUI KOWLOON,500,0.00%
B02022,CHAOSHANG SECURITIES LTD,RM 4001-4002 40/F CHINA RESOURCES BUILDING 26 HARBOUR ROAD WANCHAI HONG KONG,500,0.00%
B02044,FERRAN SECURITIES LTD,RM 1201 OTB BUILDING 259-265 DES VOEUX ROAD CENTRAL HONG KONG,500,0.00%
B02045,AAA SECURITIES CO. LTD,SUITE 6B 89 WING LOK STREET HONG KONG,500,0.00%
B02052,YUZHOU FINANCIAL HOLDINGS LTD,FLAT E 6/F YARDLEY COMMERCIAL BUILDING 3 CONNAUGHT ROAD WEST SHEUNG WAN HONG KONG,500,0.00%
B02075,INNOVAX SECURITIES LTD,UNIT A-C 20/F NEICH TOWER 128 GLOUCESTER ROAD WANCHAI HONG KONG,500,0.00%
B01156,WING LUNG SECURITIES LTD,45/F CHAMPION TOWER 3 GARDEN ROAD CENTRAL HONG KONG,2,0.00%
